{
  "name": "Quantum Optimizer Benchmark",
  "timestamp": "2025-03-12_12-13-32",
  "configurations": [],
  "summary": {
    "rosenbrock_5d": {
      "Parallel Tempering": {
        "mean_value": 2.552491259286645e-11,
        "std_value": 2.1109976980989798e-11,
        "min_value": 3.815501905621055e-13,
        "max_value": 5.2035933360033574e-11,
        "mean_time": 0.04770104090372721,
        "std_time": 0.009100337670349542,
        "mean_iterations": 3136.0,
        "std_iterations": 360.7436763132515,
        "success_rate": 0.0,
        "run_count": 3,
        "failure_count": 0,
        "mean_param_error": 8.453274344624767e-06,
        "mean_value_error": 2.552491259286645e-11
      }
    }
  },
  "raw_data": {
    "rosenbrock_5d": {
      "Parallel Tempering": [
        {
          "run_id": 0,
          "initial_params": [
            0.6181017827104371,
            9.260714596148743,
            5.9799091271710765,
            3.979877262955549,
            -2.659720393363452
          ],
          "final_params": [
            1.0000005202746605,
            1.000001042310442,
            1.0000021196930524,
            1.0000042526646844,
            1.0000085338033176
          ],
          "iterations": 3504,
          "function_evaluations": 3504,
          "value": 2.415725422800368e-11,
          "time": 0.059757232666015625,
          "converged": false,
          "param_error": 9.8367246274805e-06,
          "value_error": 2.415725422800368e-11
        },
        {
          "run_id": 1,
          "initial_params": [
            -3.2741815041533155,
            4.135998089192221,
            -2.999135537210176,
            -1.3911557005197683,
            -0.0929141628329031
          ],
          "final_params": [
            0.9999992070100495,
            0.9999984258921032,
            0.9999968690590663,
            0.9999937495714255,
            0.9999875031997691
          ],
          "iterations": 2646,
          "function_evaluations": 2646,
          "value": 5.2035933360033574e-11,
          "time": 0.03777289390563965,
          "converged": false,
          "param_error": 1.4427311365519716e-05,
          "value_error": 5.2035933360033574e-11
        },
        {
          "run_id": 2,
          "initial_params": [
            7.522632229984742,
            -3.4280584344519536,
            6.169607225192767,
            0.4075125438442857,
            0.3896625671210794
          ],
          "final_params": [
            0.9999999295528997,
            0.9999998714455348,
            0.9999997620380081,
            0.9999995204675034,
            0.9999990551810387
          ],
          "iterations": 3258,
          "function_evaluations": 3258,
          "value": 3.815501905621055e-13,
          "time": 0.04557299613952637,
          "converged": false,
          "param_error": 1.0957870408740848e-06,
          "value_error": 3.815501905621055e-13
        }
      ]
    }
  }
}