{
  "name": "Quantum Optimizer Benchmark",
  "timestamp": "2025-03-12_12-09-57",
  "configurations": [],
  "summary": {
    "sphere_5d": {
      "Noise-Aware BFGS": {
        "mean_value": 1.3000475544757328e-11,
        "std_value": 1.0534626819762684e-12,
        "min_value": 1.1787471554978023e-11,
        "max_value": 1.4356071274809386e-11,
        "mean_time": 0.0005553563435872396,
        "std_time": 1.5290214708730366e-05,
        "mean_iterations": 2.0,
        "std_iterations": 0.0,
        "success_rate": 1.0,
        "run_count": 3,
        "failure_count": 0,
        "mean_param_error": 3.6026728458506543e-06,
        "mean_value_error": 1.3000475544757328e-11
      },
      "Gradient-Free nelder-mead": {
        "mean_value": 4.17022028211976e-09,
        "std_value": 1.048068361741542e-09,
        "min_value": 2.750326022165454e-09,
        "max_value": 5.2484012430209735e-09,
        "mean_time": 0.004607359568277995,
        "std_time": 0.0006825768145913668,
        "mean_iterations": 445.0,
        "std_iterations": 26.47010892812243,
        "success_rate": 1.0,
        "run_count": 3,
        "failure_count": 0,
        "mean_param_error": 6.402010977686432e-05,
        "mean_value_error": 4.17022028211976e-09
      },
      "Gradient-Free differential_evolution": {
        "mean_value": 0.0,
        "std_value": 0.0,
        "min_value": 0.0,
        "max_value": 0.0,
        "mean_time": 0.24740266799926758,
        "std_time": 0.0020249227022582283,
        "mean_iterations": 15606.0,
        "std_iterations": 0.0,
        "success_rate": 1.0,
        "run_count": 3,
        "failure_count": 0,
        "mean_param_error": 0.0,
        "mean_value_error": 0.0
      },
      "Adaptive Optimizer": {
        "mean_value": 9.973028298233653e-17,
        "std_value": 3.5695579456286015e-17,
        "min_value": 4.924911387832555e-17,
        "max_value": 1.2498710019361979e-16,
        "mean_time": 0.008246421813964844,
        "std_time": 0.0003586939181611449,
        "mean_iterations": 502.0,
        "std_iterations": 2.8284271247461903,
        "success_rate": 1.0,
        "run_count": 3,
        "failure_count": 0,
        "mean_param_error": 9.791948393011572e-09,
        "mean_value_error": 9.973028298233653e-17
      },
      "Parallel Tempering": {
        "mean_value": 6.64944761352609e-13,
        "std_value": 4.595469804790632e-13,
        "min_value": 1.5264484676909252e-13,
        "max_value": 1.2674135587894394e-12,
        "mean_time": 0.031071821848551433,
        "std_time": 0.0006298316840563489,
        "mean_iterations": 2472.0,
        "std_iterations": 0.0,
        "success_rate": 0.0,
        "run_count": 3,
        "failure_count": 0,
        "mean_param_error": 7.582107600330254e-07,
        "mean_value_error": 6.64944761352609e-13
      }
    }
  },
  "raw_data": {
    "sphere_5d": {
      "Noise-Aware BFGS": [
        {
          "run_id": 0,
          "initial_params": [
            -2.50919762305275,
            9.014286128198322,
            4.639878836228101,
            1.973169683940732,
            -6.87962719115127
          ],
          "final_params": [
            1.789266875107387e-06,
            -2.2346152306340628e-07,
            1.6326969323188223e-06,
            2.9003578041475464e-06,
            -1.639683118170865e-07
          ],
          "iterations": 2,
          "function_evaluations": 24,
          "value": 1.4356071274809386e-11,
          "time": 0.0005769729614257812,
          "converged": true,
          "param_error": 3.7889406533765326e-06,
          "value_error": 1.4356071274809386e-11
        },
        {
          "run_id": 1,
          "initial_params": [
            -7.698908672204421,
            2.181330785589628,
            -7.332180716280234,
            -5.1882076006930244,
            -3.4572188837772044
          ],
          "final_params": [
            -1.554133028491833e-06,
            -3.125878866860887e-08,
            2.860173626828555e-06,
            1.878453765868926e-07,
            -1.0748422729633944e-06
          ],
          "iterations": 2,
          "function_evaluations": 24,
          "value": 1.1787471554978023e-11,
          "time": 0.0005440711975097656,
          "converged": true,
          "param_error": 3.433288737490342e-06,
          "value_error": 1.1787471554978023e-11
        },
        {
          "run_id": 2,
          "initial_params": [
            6.6968429733129895,
            -7.904077912602605,
            4.892809633590357,
            -2.7899832748742863,
            -2.813783243838561
          ],
          "final_params": [
            -8.735741601206826e-07,
            5.26062090777657e-07,
            -1.531628900597326e-06,
            -1.9081250706154407e-06,
            -2.4147841091171074e-06
          ],
          "iterations": 2,
          "function_evaluations": 24,
          "value": 1.2857883804484572e-11,
          "time": 0.0005450248718261719,
          "converged": true,
          "param_error": 3.585789146685088e-06,
          "value_error": 1.2857883804484572e-11
        }
      ],
      "Gradient-Free nelder-mead": [
        {
          "run_id": 0,
          "initial_params": [
            -2.50919762305275,
            9.014286128198322,
            4.639878836228101,
            1.973169683940732,
            -6.87962719115127
          ],
          "final_params": [
            -3.713179638032727e-05,
            4.6412544260150534e-05,
            -2.522899005327257e-05,
            3.05305361058938e-05,
            -1.2119863937728213e-05
          ],
          "iterations": 480,
          "function_evaluations": 480,
          "value": 5.2484012430209735e-09,
          "time": 0.005557060241699219,
          "converged": true,
          "param_error": 7.244585041961322e-05,
          "value_error": 5.2484012430209735e-09
        },
        {
          "run_id": 1,
          "initial_params": [
            -7.698908672204421,
            2.181330785589628,
            -7.332180716280234,
            -5.1882076006930244,
            -3.4572188837772044
          ],
          "final_params": [
            3.257447464118605e-05,
            3.388040614369872e-05,
            -2.8775428296989943e-05,
            -2.9814712104377248e-05,
            -2.4207703960092818e-05
          ],
          "iterations": 439,
          "function_evaluations": 439,
          "value": 4.511933581172853e-09,
          "time": 0.004282236099243164,
          "converged": true,
          "param_error": 6.71709280952173e-05,
          "value_error": 4.511933581172853e-09
        },
        {
          "run_id": 2,
          "initial_params": [
            6.6968429733129895,
            -7.904077912602605,
            4.892809633590357,
            -2.7899832748742863,
            -2.813783243838561
          ],
          "final_params": [
            1.5092885385880192e-05,
            -3.1703275970084395e-05,
            -6.206853117928764e-06,
            3.6947915689939805e-05,
            -1.0665815777537372e-05
          ],
          "iterations": 416,
          "function_evaluations": 416,
          "value": 2.750326022165454e-09,
          "time": 0.0039827823638916016,
          "converged": true,
          "param_error": 5.244355081576241e-05,
          "value_error": 2.750326022165454e-09
        }
      ],
      "Gradient-Free differential_evolution": [
        {
          "run_id": 0,
          "initial_params": [
            -2.50919762305275,
            9.014286128198322,
            4.639878836228101,
            1.973169683940732,
            -6.87962719115127
          ],
          "final_params": [
            0.0,
            0.0,
            0.0,
            0.0,
            0.0
          ],
          "iterations": 15606,
          "function_evaluations": 15606,
          "value": 0.0,
          "time": 0.2451319694519043,
          "converged": true,
          "param_error": 0.0,